Transition_Key,Predictor_Age,Target_Age,Metric,Feature_Space,Feature_Count,Model,Accuracy,Precision,Recall,F1_Score
Birth_to_6Months_Weight_S1_S5_All_Data,Birth,6Months,Weight,Full_Feature_Space,7,XGBoost_Classifier,0.8721,0.6225,0.4444,0.4763
Birth_to_6Months_Weight_S1_S5_All_Data,Birth,6Months,Weight,Full_Feature_Space,7,Support_Vector_Classifier,0.8488,0.6157,0.4,0.4168
Birth_to_6Months_Weight_S1_S5_All_Data,Birth,6Months,Weight,Full_Feature_Space,7,Neural_Network_MLP,0.8488,0.5108,0.4028,0.4185
Birth_to_6Months_Weight_S1_S5_All_Data,Birth,6Months,Weight,AIC_Optimized_Space,1,XGBoost_Classifier,0.8488,0.4524,0.3704,0.3683
Birth_to_6Months_Weight_S1_S5_All_Data,Birth,6Months,Weight,AIC_Optimized_Space,1,Support_Vector_Classifier,0.8372,0.2791,0.3333,0.3038
Birth_to_6Months_Weight_S1_S5_All_Data,Birth,6Months,Weight,AIC_Optimized_Space,1,Neural_Network_MLP,0.8372,0.2791,0.3333,0.3038
Birth_to_6Months_Weight_S1_S5_All_Data,Birth,6Months,Weight,BIC_Optimized_Space,1,XGBoost_Classifier,0.8488,0.4524,0.3704,0.3683
Birth_to_6Months_Weight_S1_S5_All_Data,Birth,6Months,Weight,BIC_Optimized_Space,1,Support_Vector_Classifier,0.8372,0.2791,0.3333,0.3038
Birth_to_6Months_Weight_S1_S5_All_Data,Birth,6Months,Weight,BIC_Optimized_Space,1,Neural_Network_MLP,0.8372,0.2791,0.3333,0.3038
Birth_to_6Months_Weight_S2_No_Zscores,Birth,6Months,Weight,Full_Feature_Space,4,XGBoost_Classifier,0.8605,0.7892,0.437,0.4716
Birth_to_6Months_Weight_S2_No_Zscores,Birth,6Months,Weight,Full_Feature_Space,4,Support_Vector_Classifier,0.8488,0.6157,0.4,0.4168
Birth_to_6Months_Weight_S2_No_Zscores,Birth,6Months,Weight,Full_Feature_Space,4,Neural_Network_MLP,0.8488,0.6157,0.3704,0.3724
Birth_to_6Months_Weight_S2_No_Zscores,Birth,6Months,Weight,AIC_Optimized_Space,1,XGBoost_Classifier,0.8488,0.4524,0.3704,0.3683
Birth_to_6Months_Weight_S2_No_Zscores,Birth,6Months,Weight,AIC_Optimized_Space,1,Support_Vector_Classifier,0.8372,0.2791,0.3333,0.3038
Birth_to_6Months_Weight_S2_No_Zscores,Birth,6Months,Weight,AIC_Optimized_Space,1,Neural_Network_MLP,0.8372,0.2791,0.3333,0.3038
Birth_to_6Months_Weight_S2_No_Zscores,Birth,6Months,Weight,BIC_Optimized_Space,1,XGBoost_Classifier,0.8488,0.4524,0.3704,0.3683
Birth_to_6Months_Weight_S2_No_Zscores,Birth,6Months,Weight,BIC_Optimized_Space,1,Support_Vector_Classifier,0.8372,0.2791,0.3333,0.3038
Birth_to_6Months_Weight_S2_No_Zscores,Birth,6Months,Weight,BIC_Optimized_Space,1,Neural_Network_MLP,0.8372,0.2791,0.3333,0.3038
Birth_to_6Months_Weight_S3_No_Base_Data,Birth,6Months,Weight,Full_Feature_Space,5,XGBoost_Classifier,0.8605,0.8442,0.4694,0.5296
Birth_to_6Months_Weight_S3_No_Base_Data,Birth,6Months,Weight,Full_Feature_Space,5,Support_Vector_Classifier,0.8488,0.6157,0.4,0.4168
Birth_to_6Months_Weight_S3_No_Base_Data,Birth,6Months,Weight,Full_Feature_Space,5,Neural_Network_MLP,0.8488,0.7851,0.4324,0.4771
Birth_to_6Months_Weight_S3_No_Base_Data,Birth,6Months,Weight,AIC_Optimized_Space,2,XGBoost_Classifier,0.8372,0.2791,0.3333,0.3038
Birth_to_6Months_Weight_S3_No_Base_Data,Birth,6Months,Weight,AIC_Optimized_Space,2,Support_Vector_Classifier,0.8488,0.6157,0.4,0.4168
Birth_to_6Months_Weight_S3_No_Base_Data,Birth,6Months,Weight,AIC_Optimized_Space,2,Neural_Network_MLP,0.8372,0.2791,0.3333,0.3038
Birth_to_6Months_Weight_S3_No_Base_Data,Birth,6Months,Weight,BIC_Optimized_Space,1,XGBoost_Classifier,0.8372,0.2791,0.3333,0.3038
Birth_to_6Months_Weight_S3_No_Base_Data,Birth,6Months,Weight,BIC_Optimized_Space,1,Support_Vector_Classifier,0.8488,0.6157,0.4,0.4168
Birth_to_6Months_Weight_S3_No_Base_Data,Birth,6Months,Weight,BIC_Optimized_Space,1,Neural_Network_MLP,0.8372,0.2791,0.3333,0.3038
Birth_to_6Months_Weight_S4_S6_Zscore_Only,Birth,6Months,Weight,Full_Feature_Space,3,XGBoost_Classifier,0.8488,0.4553,0.4028,0.4099
Birth_to_6Months_Weight_S4_S6_Zscore_Only,Birth,6Months,Weight,Full_Feature_Space,3,Support_Vector_Classifier,0.8488,0.6157,0.4,0.4168
Birth_to_6Months_Weight_S4_S6_Zscore_Only,Birth,6Months,Weight,Full_Feature_Space,3,Neural_Network_MLP,0.8605,0.9524,0.437,0.4855
Birth_to_6Months_Weight_S4_S6_Zscore_Only,Birth,6Months,Weight,AIC_Optimized_Space,1,XGBoost_Classifier,0.8372,0.2791,0.3333,0.3038
Birth_to_6Months_Weight_S4_S6_Zscore_Only,Birth,6Months,Weight,AIC_Optimized_Space,1,Support_Vector_Classifier,0.8488,0.6157,0.4,0.4168
Birth_to_6Months_Weight_S4_S6_Zscore_Only,Birth,6Months,Weight,AIC_Optimized_Space,1,Neural_Network_MLP,0.8372,0.2791,0.3333,0.3038
Birth_to_6Months_Weight_S4_S6_Zscore_Only,Birth,6Months,Weight,BIC_Optimized_Space,1,XGBoost_Classifier,0.8372,0.2791,0.3333,0.3038
Birth_to_6Months_Weight_S4_S6_Zscore_Only,Birth,6Months,Weight,BIC_Optimized_Space,1,Support_Vector_Classifier,0.8488,0.6157,0.4,0.4168
Birth_to_6Months_Weight_S4_S6_Zscore_Only,Birth,6Months,Weight,BIC_Optimized_Space,1,Neural_Network_MLP,0.8372,0.2791,0.3333,0.3038
Birth_to_6Months_Height_S1_S5_All_Data,Birth,6Months,Height,Full_Feature_Space,7,XGBoost_Classifier,0.8837,0.6345,0.4358,0.4792
Birth_to_6Months_Height_S1_S5_All_Data,Birth,6Months,Height,Full_Feature_Space,7,Support_Vector_Classifier,0.907,0.6353,0.4444,0.4835
Birth_to_6Months_Height_S1_S5_All_Data,Birth,6Months,Height,Full_Feature_Space,7,Neural_Network_MLP,0.8953,0.6386,0.4401,0.4833
Birth_to_6Months_Height_S1_S5_All_Data,Birth,6Months,Height,AIC_Optimized_Space,2,XGBoost_Classifier,0.8837,0.6345,0.4358,0.4792
Birth_to_6Months_Height_S1_S5_All_Data,Birth,6Months,Height,AIC_Optimized_Space,2,Support_Vector_Classifier,0.8953,0.2984,0.3333,0.3149
Birth_to_6Months_Height_S1_S5_All_Data,Birth,6Months,Height,AIC_Optimized_Space,2,Neural_Network_MLP,0.8837,0.6345,0.4358,0.4792
Birth_to_6Months_Height_S1_S5_All_Data,Birth,6Months,Height,BIC_Optimized_Space,1,XGBoost_Classifier,0.907,0.8052,0.4957,0.5667
Birth_to_6Months_Height_S1_S5_All_Data,Birth,6Months,Height,BIC_Optimized_Space,1,Support_Vector_Classifier,0.8953,0.2984,0.3333,0.3149
Birth_to_6Months_Height_S1_S5_All_Data,Birth,6Months,Height,BIC_Optimized_Space,1,Neural_Network_MLP,0.8953,0.2984,0.3333,0.3149
Birth_to_6Months_Height_S2_No_Zscores,Birth,6Months,Height,Full_Feature_Space,4,XGBoost_Classifier,0.8953,0.6349,0.4401,0.4814
Birth_to_6Months_Height_S2_No_Zscores,Birth,6Months,Height,Full_Feature_Space,4,Support_Vector_Classifier,0.907,0.6353,0.4444,0.4835
Birth_to_6Months_Height_S2_No_Zscores,Birth,6Months,Height,Full_Feature_Space,4,Neural_Network_MLP,0.907,0.6389,0.4444,0.4855
Birth_to_6Months_Height_S2_No_Zscores,Birth,6Months,Height,AIC_Optimized_Space,2,XGBoost_Classifier,0.8953,0.6349,0.4401,0.4814
Birth_to_6Months_Height_S2_No_Zscores,Birth,6Months,Height,AIC_Optimized_Space,2,Support_Vector_Classifier,0.907,0.6353,0.4444,0.4835
Birth_to_6Months_Height_S2_No_Zscores,Birth,6Months,Height,AIC_Optimized_Space,2,Neural_Network_MLP,0.8953,0.6349,0.4401,0.4814
Birth_to_6Months_Height_S2_No_Zscores,Birth,6Months,Height,BIC_Optimized_Space,1,XGBoost_Classifier,0.907,0.8052,0.4957,0.5667
Birth_to_6Months_Height_S2_No_Zscores,Birth,6Months,Height,BIC_Optimized_Space,1,Support_Vector_Classifier,0.8953,0.2984,0.3333,0.3149
Birth_to_6Months_Height_S2_No_Zscores,Birth,6Months,Height,BIC_Optimized_Space,1,Neural_Network_MLP,0.8953,0.2984,0.3333,0.3149
Birth_to_6Months_Height_S3_No_Base_Data,Birth,6Months,Height,Full_Feature_Space,5,XGBoost_Classifier,0.8837,0.6345,0.4358,0.4792
Birth_to_6Months_Height_S3_No_Base_Data,Birth,6Months,Height,Full_Feature_Space,5,Support_Vector_Classifier,0.907,0.6353,0.4444,0.4835
Birth_to_6Months_Height_S3_No_Base_Data,Birth,6Months,Height,Full_Feature_Space,5,Neural_Network_MLP,0.8837,0.6345,0.4358,0.4792
Birth_to_6Months_Height_S3_No_Base_Data,Birth,6Months,Height,AIC_Optimized_Space,1,XGBoost_Classifier,0.907,0.8052,0.4957,0.5667
Birth_to_6Months_Height_S3_No_Base_Data,Birth,6Months,Height,AIC_Optimized_Space,1,Support_Vector_Classifier,0.8953,0.2984,0.3333,0.3149
Birth_to_6Months_Height_S3_No_Base_Data,Birth,6Months,Height,AIC_Optimized_Space,1,Neural_Network_MLP,0.8953,0.2984,0.3333,0.3149
Birth_to_6Months_Height_S3_No_Base_Data,Birth,6Months,Height,BIC_Optimized_Space,1,XGBoost_Classifier,0.907,0.8052,0.4957,0.5667
Birth_to_6Months_Height_S3_No_Base_Data,Birth,6Months,Height,BIC_Optimized_Space,1,Support_Vector_Classifier,0.8953,0.2984,0.3333,0.3149
Birth_to_6Months_Height_S3_No_Base_Data,Birth,6Months,Height,BIC_Optimized_Space,1,Neural_Network_MLP,0.8953,0.2984,0.3333,0.3149
Birth_to_6Months_Height_S4_S6_Zscore_Only,Birth,6Months,Height,Full_Feature_Space,3,XGBoost_Classifier,0.8837,0.6345,0.4358,0.4792
Birth_to_6Months_Height_S4_S6_Zscore_Only,Birth,6Months,Height,Full_Feature_Space,3,Support_Vector_Classifier,0.907,0.6353,0.4444,0.4835
Birth_to_6Months_Height_S4_S6_Zscore_Only,Birth,6Months,Height,Full_Feature_Space,3,Neural_Network_MLP,0.907,0.6353,0.4444,0.4835
Birth_to_6Months_Height_S4_S6_Zscore_Only,Birth,6Months,Height,AIC_Optimized_Space,1,XGBoost_Classifier,0.907,0.8052,0.4957,0.5667
Birth_to_6Months_Height_S4_S6_Zscore_Only,Birth,6Months,Height,AIC_Optimized_Space,1,Support_Vector_Classifier,0.8953,0.2984,0.3333,0.3149
Birth_to_6Months_Height_S4_S6_Zscore_Only,Birth,6Months,Height,AIC_Optimized_Space,1,Neural_Network_MLP,0.8953,0.2984,0.3333,0.3149
Birth_to_6Months_Height_S4_S6_Zscore_Only,Birth,6Months,Height,BIC_Optimized_Space,1,XGBoost_Classifier,0.907,0.8052,0.4957,0.5667
Birth_to_6Months_Height_S4_S6_Zscore_Only,Birth,6Months,Height,BIC_Optimized_Space,1,Support_Vector_Classifier,0.8953,0.2984,0.3333,0.3149
Birth_to_6Months_Height_S4_S6_Zscore_Only,Birth,6Months,Height,BIC_Optimized_Space,1,Neural_Network_MLP,0.8953,0.2984,0.3333,0.3149
Birth_to_6Months_BMI_S1_S5_All_Data,Birth,6Months,BMI,Full_Feature_Space,7,XGBoost_Classifier,0.8256,0.2817,0.3333,0.3054
Birth_to_6Months_BMI_S1_S5_All_Data,Birth,6Months,BMI,Full_Feature_Space,7,Support_Vector_Classifier,0.814,0.2778,0.3286,0.3011
Birth_to_6Months_BMI_S1_S5_All_Data,Birth,6Months,BMI,Full_Feature_Space,7,Neural_Network_MLP,0.7674,0.275,0.3099,0.2914
Birth_to_6Months_BMI_S1_S5_All_Data,Birth,6Months,BMI,AIC_Optimized_Space,3,XGBoost_Classifier,0.814,0.2745,0.3286,0.2991
Birth_to_6Months_BMI_S1_S5_All_Data,Birth,6Months,BMI,AIC_Optimized_Space,3,Support_Vector_Classifier,0.814,0.2778,0.3286,0.3011
Birth_to_6Months_BMI_S1_S5_All_Data,Birth,6Months,BMI,AIC_Optimized_Space,3,Neural_Network_MLP,0.814,0.2778,0.3286,0.3011
Birth_to_6Months_BMI_S2_No_Zscores,Birth,6Months,BMI,Full_Feature_Space,4,XGBoost_Classifier,0.8256,0.2752,0.3333,0.3015
Birth_to_6Months_BMI_S2_No_Zscores,Birth,6Months,BMI,Full_Feature_Space,4,Support_Vector_Classifier,0.814,0.2778,0.3286,0.3011
Birth_to_6Months_BMI_S2_No_Zscores,Birth,6Months,BMI,Full_Feature_Space,4,Neural_Network_MLP,0.7907,0.2764,0.3192,0.2963
Birth_to_6Months_BMI_S2_No_Zscores,Birth,6Months,BMI,AIC_Optimized_Space,2,XGBoost_Classifier,0.8256,0.2752,0.3333,0.3015
Birth_to_6Months_BMI_S2_No_Zscores,Birth,6Months,BMI,AIC_Optimized_Space,2,Support_Vector_Classifier,0.814,0.2778,0.3286,0.3011
Birth_to_6Months_BMI_S2_No_Zscores,Birth,6Months,BMI,AIC_Optimized_Space,2,Neural_Network_MLP,0.814,0.2778,0.3286,0.3011
Birth_to_6Months_BMI_S3_No_Base_Data,Birth,6Months,BMI,Full_Feature_Space,5,XGBoost_Classifier,0.8256,0.2752,0.3333,0.3015
Birth_to_6Months_BMI_S3_No_Base_Data,Birth,6Months,BMI,Full_Feature_Space,5,Support_Vector_Classifier,0.8256,0.2784,0.3333,0.3034
Birth_to_6Months_BMI_S3_No_Base_Data,Birth,6Months,BMI,Full_Feature_Space,5,Neural_Network_MLP,0.8256,0.3922,0.3589,0.3506
Birth_to_6Months_BMI_S4_S6_Zscore_Only,Birth,6Months,BMI,Full_Feature_Space,3,XGBoost_Classifier,0.8256,0.2752,0.3333,0.3015
Birth_to_6Months_BMI_S4_S6_Zscore_Only,Birth,6Months,BMI,Full_Feature_Space,3,Support_Vector_Classifier,0.8256,0.2784,0.3333,0.3034
Birth_to_6Months_BMI_S4_S6_Zscore_Only,Birth,6Months,BMI,Full_Feature_Space,3,Neural_Network_MLP,0.814,0.2778,0.3286,0.3011
6Months_to_12Months_Weight_S1_S5_All_Data,6Months,12Months,Weight,Full_Feature_Space,8,XGBoost_Classifier,0.8315,0.4602,0.4602,0.4602
6Months_to_12Months_Weight_S1_S5_All_Data,6Months,12Months,Weight,Full_Feature_Space,8,Support_Vector_Classifier,0.8427,0.462,0.4435,0.4499
6Months_to_12Months_Weight_S1_S5_All_Data,6Months,12Months,Weight,Full_Feature_Space,8,Neural_Network_MLP,0.8427,0.473,0.4858,0.4791
6Months_to_12Months_Weight_S1_S5_All_Data,6Months,12Months,Weight,AIC_Optimized_Space,4,XGBoost_Classifier,0.8876,0.6942,0.7294,0.7092
6Months_to_12Months_Weight_S1_S5_All_Data,6Months,12Months,Weight,AIC_Optimized_Space,4,Support_Vector_Classifier,0.8539,0.4971,0.4903,0.4933
6Months_to_12Months_Weight_S1_S5_All_Data,6Months,12Months,Weight,AIC_Optimized_Space,4,Neural_Network_MLP,0.8876,0.6861,0.7082,0.696
6Months_to_12Months_Weight_S1_S5_All_Data,6Months,12Months,Weight,BIC_Optimized_Space,1,XGBoost_Classifier,0.8764,0.8551,0.6403,0.7134
6Months_to_12Months_Weight_S1_S5_All_Data,6Months,12Months,Weight,BIC_Optimized_Space,1,Support_Vector_Classifier,0.8764,0.5026,0.5416,0.5198
6Months_to_12Months_Weight_S1_S5_All_Data,6Months,12Months,Weight,BIC_Optimized_Space,1,Neural_Network_MLP,0.8764,0.5044,0.5627,0.5277
6Months_to_12Months_Weight_S2_No_Zscores,6Months,12Months,Weight,Full_Feature_Space,2,XGBoost_Classifier,0.809,0.5817,0.571,0.5756
6Months_to_12Months_Weight_S2_No_Zscores,6Months,12Months,Weight,Full_Feature_Space,2,Support_Vector_Classifier,0.8652,0.5154,0.4314,0.4503
6Months_to_12Months_Weight_S2_No_Zscores,6Months,12Months,Weight,Full_Feature_Space,2,Neural_Network_MLP,0.809,0.4055,0.4089,0.4069
6Months_to_12Months_Weight_S2_No_Zscores,6Months,12Months,Weight,AIC_Optimized_Space,1,XGBoost_Classifier,0.809,0.7383,0.571,0.6267
6Months_to_12Months_Weight_S2_No_Zscores,6Months,12Months,Weight,AIC_Optimized_Space,1,Support_Vector_Classifier,0.8315,0.2772,0.3333,0.3027
6Months_to_12Months_Weight_S2_No_Zscores,6Months,12Months,Weight,AIC_Optimized_Space,1,Neural_Network_MLP,0.8202,0.4245,0.4134,0.4166
6Months_to_12Months_Weight_S2_No_Zscores,6Months,12Months,Weight,BIC_Optimized_Space,1,XGBoost_Classifier,0.809,0.7383,0.571,0.6267
6Months_to_12Months_Weight_S2_No_Zscores,6Months,12Months,Weight,BIC_Optimized_Space,1,Support_Vector_Classifier,0.8315,0.2772,0.3333,0.3027
6Months_to_12Months_Weight_S2_No_Zscores,6Months,12Months,Weight,BIC_Optimized_Space,1,Neural_Network_MLP,0.8202,0.4245,0.4134,0.4166
6Months_to_12Months_Weight_S3_No_Base_Data,6Months,12Months,Weight,Full_Feature_Space,8,XGBoost_Classifier,0.8315,0.4602,0.4602,0.4602
6Months_to_12Months_Weight_S3_No_Base_Data,6Months,12Months,Weight,Full_Feature_Space,8,Support_Vector_Classifier,0.8427,0.462,0.4435,0.4499
6Months_to_12Months_Weight_S3_No_Base_Data,6Months,12Months,Weight,Full_Feature_Space,8,Neural_Network_MLP,0.8427,0.473,0.4858,0.4791
6Months_to_12Months_Weight_S3_No_Base_Data,6Months,12Months,Weight,AIC_Optimized_Space,4,XGBoost_Classifier,0.8876,0.6942,0.7294,0.7092
6Months_to_12Months_Weight_S3_No_Base_Data,6Months,12Months,Weight,AIC_Optimized_Space,4,Support_Vector_Classifier,0.8539,0.4971,0.4903,0.4933
6Months_to_12Months_Weight_S3_No_Base_Data,6Months,12Months,Weight,AIC_Optimized_Space,4,Neural_Network_MLP,0.8876,0.6861,0.7082,0.696
6Months_to_12Months_Weight_S3_No_Base_Data,6Months,12Months,Weight,BIC_Optimized_Space,1,XGBoost_Classifier,0.8764,0.8551,0.6403,0.7134
6Months_to_12Months_Weight_S3_No_Base_Data,6Months,12Months,Weight,BIC_Optimized_Space,1,Support_Vector_Classifier,0.8764,0.5026,0.5416,0.5198
6Months_to_12Months_Weight_S3_No_Base_Data,6Months,12Months,Weight,BIC_Optimized_Space,1,Neural_Network_MLP,0.8764,0.5044,0.5627,0.5277
6Months_to_12Months_Weight_S4_S6_Zscore_Only,6Months,12Months,Weight,Full_Feature_Space,6,XGBoost_Classifier,0.8652,0.5023,0.5371,0.5174
6Months_to_12Months_Weight_S4_S6_Zscore_Only,6Months,12Months,Weight,Full_Feature_Space,6,Support_Vector_Classifier,0.8315,0.4615,0.439,0.4476
6Months_to_12Months_Weight_S4_S6_Zscore_Only,6Months,12Months,Weight,Full_Feature_Space,6,Neural_Network_MLP,0.8427,0.4837,0.5069,0.4943
6Months_to_12Months_Weight_S4_S6_Zscore_Only,6Months,12Months,Weight,AIC_Optimized_Space,2,XGBoost_Classifier,0.8764,0.8343,0.8448,0.8393
6Months_to_12Months_Weight_S4_S6_Zscore_Only,6Months,12Months,Weight,AIC_Optimized_Space,2,Support_Vector_Classifier,0.8764,0.5016,0.5204,0.5107
6Months_to_12Months_Weight_S4_S6_Zscore_Only,6Months,12Months,Weight,AIC_Optimized_Space,2,Neural_Network_MLP,0.8652,0.4913,0.5371,0.5105
6Months_to_12Months_Weight_S4_S6_Zscore_Only,6Months,12Months,Weight,BIC_Optimized_Space,2,XGBoost_Classifier,0.8764,0.8343,0.8448,0.8393
6Months_to_12Months_Weight_S4_S6_Zscore_Only,6Months,12Months,Weight,BIC_Optimized_Space,2,Support_Vector_Classifier,0.8764,0.5016,0.5204,0.5107
6Months_to_12Months_Weight_S4_S6_Zscore_Only,6Months,12Months,Weight,BIC_Optimized_Space,2,Neural_Network_MLP,0.8652,0.4913,0.5371,0.5105
6Months_to_12Months_Height_S1_S5_All_Data,6Months,12Months,Height,Full_Feature_Space,8,XGBoost_Classifier,0.9326,0.4289,0.5,0.4587
6Months_to_12Months_Height_S1_S5_All_Data,6Months,12Months,Height,Full_Feature_Space,8,Support_Vector_Classifier,0.9326,0.4364,0.6626,0.4939
6Months_to_12Months_Height_S1_S5_All_Data,6Months,12Months,Height,Full_Feature_Space,8,Neural_Network_MLP,0.9326,0.4586,0.6626,0.5177
6Months_to_12Months_Height_S1_S5_All_Data,6Months,12Months,Height,AIC_Optimized_Space,3,XGBoost_Classifier,0.9326,0.4289,0.5,0.4587
6Months_to_12Months_Height_S1_S5_All_Data,6Months,12Months,Height,AIC_Optimized_Space,3,Support_Vector_Classifier,0.9438,0.4882,0.6667,0.5496
6Months_to_12Months_Height_S1_S5_All_Data,6Months,12Months,Height,AIC_Optimized_Space,3,Neural_Network_MLP,0.9438,0.4587,0.6667,0.5198
6Months_to_12Months_Height_S1_S5_All_Data,6Months,12Months,Height,BIC_Optimized_Space,2,XGBoost_Classifier,0.9438,0.4587,0.6667,0.5198
6Months_to_12Months_Height_S1_S5_All_Data,6Months,12Months,Height,BIC_Optimized_Space,2,Support_Vector_Classifier,0.9213,0.3106,0.3333,0.3216
6Months_to_12Months_Height_S1_S5_All_Data,6Months,12Months,Height,BIC_Optimized_Space,2,Neural_Network_MLP,0.9438,0.4882,0.6667,0.5496
6Months_to_12Months_Height_S2_No_Zscores,6Months,12Months,Height,Full_Feature_Space,2,XGBoost_Classifier,0.9326,0.4364,0.6626,0.4939
6Months_to_12Months_Height_S2_No_Zscores,6Months,12Months,Height,Full_Feature_Space,2,Support_Vector_Classifier,0.9438,0.4882,0.6667,0.5496
6Months_to_12Months_Height_S2_No_Zscores,6Months,12Months,Height,Full_Feature_Space,2,Neural_Network_MLP,0.9438,0.4882,0.6667,0.5496
6Months_to_12Months_Height_S2_No_Zscores,6Months,12Months,Height,AIC_Optimized_Space,1,XGBoost_Classifier,0.9101,0.3103,0.3293,0.3195
6Months_to_12Months_Height_S2_No_Zscores,6Months,12Months,Height,AIC_Optimized_Space,1,Support_Vector_Classifier,0.9326,0.4808,0.5,0.4901
6Months_to_12Months_Height_S2_No_Zscores,6Months,12Months,Height,AIC_Optimized_Space,1,Neural_Network_MLP,0.9438,0.4882,0.6667,0.5496
6Months_to_12Months_Height_S2_No_Zscores,6Months,12Months,Height,BIC_Optimized_Space,1,XGBoost_Classifier,0.9101,0.3103,0.3293,0.3195
6Months_to_12Months_Height_S2_No_Zscores,6Months,12Months,Height,BIC_Optimized_Space,1,Support_Vector_Classifier,0.9326,0.4808,0.5,0.4901
6Months_to_12Months_Height_S2_No_Zscores,6Months,12Months,Height,BIC_Optimized_Space,1,Neural_Network_MLP,0.9438,0.4882,0.6667,0.5496
6Months_to_12Months_Height_S3_No_Base_Data,6Months,12Months,Height,Full_Feature_Space,8,XGBoost_Classifier,0.9326,0.4289,0.5,0.4587
6Months_to_12Months_Height_S3_No_Base_Data,6Months,12Months,Height,Full_Feature_Space,8,Support_Vector_Classifier,0.9326,0.4364,0.6626,0.4939
6Months_to_12Months_Height_S3_No_Base_Data,6Months,12Months,Height,Full_Feature_Space,8,Neural_Network_MLP,0.9326,0.4586,0.6626,0.5177
6Months_to_12Months_Height_S3_No_Base_Data,6Months,12Months,Height,AIC_Optimized_Space,3,XGBoost_Classifier,0.9326,0.4289,0.5,0.4587
6Months_to_12Months_Height_S3_No_Base_Data,6Months,12Months,Height,AIC_Optimized_Space,3,Support_Vector_Classifier,0.9438,0.4882,0.6667,0.5496
6Months_to_12Months_Height_S3_No_Base_Data,6Months,12Months,Height,AIC_Optimized_Space,3,Neural_Network_MLP,0.9438,0.4587,0.6667,0.5198
6Months_to_12Months_Height_S3_No_Base_Data,6Months,12Months,Height,BIC_Optimized_Space,2,XGBoost_Classifier,0.9438,0.4587,0.6667,0.5198
6Months_to_12Months_Height_S3_No_Base_Data,6Months,12Months,Height,BIC_Optimized_Space,2,Support_Vector_Classifier,0.9213,0.3106,0.3333,0.3216
6Months_to_12Months_Height_S3_No_Base_Data,6Months,12Months,Height,BIC_Optimized_Space,2,Neural_Network_MLP,0.9438,0.4882,0.6667,0.5496
6Months_to_12Months_Height_S4_S6_Zscore_Only,6Months,12Months,Height,Full_Feature_Space,6,XGBoost_Classifier,0.9326,0.4289,0.5,0.4587
6Months_to_12Months_Height_S4_S6_Zscore_Only,6Months,12Months,Height,Full_Feature_Space,6,Support_Vector_Classifier,0.9326,0.4548,0.6626,0.5158
6Months_to_12Months_Height_S4_S6_Zscore_Only,6Months,12Months,Height,Full_Feature_Space,6,Neural_Network_MLP,0.9213,0.4363,0.6585,0.4919
6Months_to_12Months_Height_S4_S6_Zscore_Only,6Months,12Months,Height,AIC_Optimized_Space,3,XGBoost_Classifier,0.9326,0.4289,0.5,0.4587
6Months_to_12Months_Height_S4_S6_Zscore_Only,6Months,12Months,Height,AIC_Optimized_Space,3,Support_Vector_Classifier,0.9438,0.4882,0.6667,0.5496
6Months_to_12Months_Height_S4_S6_Zscore_Only,6Months,12Months,Height,AIC_Optimized_Space,3,Neural_Network_MLP,0.9438,0.4587,0.6667,0.5198
6Months_to_12Months_Height_S4_S6_Zscore_Only,6Months,12Months,Height,BIC_Optimized_Space,2,XGBoost_Classifier,0.9438,0.4587,0.6667,0.5198
6Months_to_12Months_Height_S4_S6_Zscore_Only,6Months,12Months,Height,BIC_Optimized_Space,2,Support_Vector_Classifier,0.9213,0.3106,0.3333,0.3216
6Months_to_12Months_Height_S4_S6_Zscore_Only,6Months,12Months,Height,BIC_Optimized_Space,2,Neural_Network_MLP,0.9438,0.4882,0.6667,0.5496
6Months_to_12Months_BMI_S1_S5_All_Data,6Months,12Months,BMI,Full_Feature_Space,8,XGBoost_Classifier,0.8202,0.4098,0.4468,0.4257
6Months_to_12Months_BMI_S1_S5_All_Data,6Months,12Months,BMI,Full_Feature_Space,8,Support_Vector_Classifier,0.7865,0.3811,0.4012,0.3891
6Months_to_12Months_BMI_S1_S5_All_Data,6Months,12Months,BMI,Full_Feature_Space,8,Neural_Network_MLP,0.8202,0.5285,0.5536,0.5383
6Months_to_12Months_BMI_S1_S5_All_Data,6Months,12Months,BMI,AIC_Optimized_Space,2,XGBoost_Classifier,0.8202,0.406,0.4468,0.4206
6Months_to_12Months_BMI_S1_S5_All_Data,6Months,12Months,BMI,AIC_Optimized_Space,2,Support_Vector_Classifier,0.8652,0.4523,0.4642,0.4581
6Months_to_12Months_BMI_S1_S5_All_Data,6Months,12Months,BMI,AIC_Optimized_Space,2,Neural_Network_MLP,0.8202,0.4174,0.4796,0.4391
6Months_to_12Months_BMI_S1_S5_All_Data,6Months,12Months,BMI,BIC_Optimized_Space,1,XGBoost_Classifier,0.8202,0.4147,0.4796,0.4356
6Months_to_12Months_BMI_S1_S5_All_Data,6Months,12Months,BMI,BIC_Optimized_Space,1,Support_Vector_Classifier,0.8764,0.4747,0.5012,0.4874
6Months_to_12Months_BMI_S1_S5_All_Data,6Months,12Months,BMI,BIC_Optimized_Space,1,Neural_Network_MLP,0.8652,0.4592,0.4969,0.4763
6Months_to_12Months_BMI_S2_No_Zscores,6Months,12Months,BMI,Full_Feature_Space,2,XGBoost_Classifier,0.809,0.3787,0.3771,0.3776
6Months_to_12Months_BMI_S2_No_Zscores,6Months,12Months,BMI,Full_Feature_Space,2,Support_Vector_Classifier,0.8539,0.2879,0.329,0.3071
6Months_to_12Months_BMI_S2_No_Zscores,6Months,12Months,BMI,Full_Feature_Space,2,Neural_Network_MLP,0.8539,0.7701,0.5666,0.6124
6Months_to_12Months_BMI_S2_No_Zscores,6Months,12Months,BMI,AIC_Optimized_Space,2,XGBoost_Classifier,0.809,0.3787,0.3771,0.3776
6Months_to_12Months_BMI_S2_No_Zscores,6Months,12Months,BMI,AIC_Optimized_Space,2,Support_Vector_Classifier,0.8539,0.2879,0.329,0.3071
6Months_to_12Months_BMI_S2_No_Zscores,6Months,12Months,BMI,AIC_Optimized_Space,2,Neural_Network_MLP,0.8652,0.7744,0.5709,0.6167
6Months_to_12Months_BMI_S2_No_Zscores,6Months,12Months,BMI,BIC_Optimized_Space,1,XGBoost_Classifier,0.8652,0.2884,0.3333,0.3092
6Months_to_12Months_BMI_S2_No_Zscores,6Months,12Months,BMI,BIC_Optimized_Space,1,Support_Vector_Classifier,0.8652,0.2884,0.3333,0.3092
6Months_to_12Months_BMI_S2_No_Zscores,6Months,12Months,BMI,BIC_Optimized_Space,1,Neural_Network_MLP,0.8652,0.2884,0.3333,0.3092
6Months_to_12Months_BMI_S3_No_Base_Data,6Months,12Months,BMI,Full_Feature_Space,8,XGBoost_Classifier,0.8202,0.4098,0.4468,0.4257
6Months_to_12Months_BMI_S3_No_Base_Data,6Months,12Months,BMI,Full_Feature_Space,8,Support_Vector_Classifier,0.7865,0.3811,0.4012,0.3891
6Months_to_12Months_BMI_S3_No_Base_Data,6Months,12Months,BMI,Full_Feature_Space,8,Neural_Network_MLP,0.8202,0.5285,0.5536,0.5383
6Months_to_12Months_BMI_S3_No_Base_Data,6Months,12Months,BMI,AIC_Optimized_Space,2,XGBoost_Classifier,0.8202,0.406,0.4468,0.4206
6Months_to_12Months_BMI_S3_No_Base_Data,6Months,12Months,BMI,AIC_Optimized_Space,2,Support_Vector_Classifier,0.8652,0.4523,0.4642,0.4581
6Months_to_12Months_BMI_S3_No_Base_Data,6Months,12Months,BMI,AIC_Optimized_Space,2,Neural_Network_MLP,0.8202,0.4174,0.4796,0.4391
6Months_to_12Months_BMI_S3_No_Base_Data,6Months,12Months,BMI,BIC_Optimized_Space,1,XGBoost_Classifier,0.8202,0.4147,0.4796,0.4356
6Months_to_12Months_BMI_S3_No_Base_Data,6Months,12Months,BMI,BIC_Optimized_Space,1,Support_Vector_Classifier,0.8764,0.4747,0.5012,0.4874
6Months_to_12Months_BMI_S3_No_Base_Data,6Months,12Months,BMI,BIC_Optimized_Space,1,Neural_Network_MLP,0.8652,0.4592,0.4969,0.4763
6Months_to_12Months_BMI_S4_S6_Zscore_Only,6Months,12Months,BMI,Full_Feature_Space,6,XGBoost_Classifier,0.7978,0.3555,0.3728,0.3634
6Months_to_12Months_BMI_S4_S6_Zscore_Only,6Months,12Months,BMI,Full_Feature_Space,6,Support_Vector_Classifier,0.7978,0.3931,0.4055,0.3982
6Months_to_12Months_BMI_S4_S6_Zscore_Only,6Months,12Months,BMI,Full_Feature_Space,6,Neural_Network_MLP,0.8427,0.5812,0.5296,0.5498
6Months_to_12Months_BMI_S4_S6_Zscore_Only,6Months,12Months,BMI,AIC_Optimized_Space,1,XGBoost_Classifier,0.8202,0.4147,0.4796,0.4356
6Months_to_12Months_BMI_S4_S6_Zscore_Only,6Months,12Months,BMI,AIC_Optimized_Space,1,Support_Vector_Classifier,0.8764,0.4747,0.5012,0.4874
6Months_to_12Months_BMI_S4_S6_Zscore_Only,6Months,12Months,BMI,AIC_Optimized_Space,1,Neural_Network_MLP,0.8652,0.4592,0.4969,0.4763
6Months_to_12Months_BMI_S4_S6_Zscore_Only,6Months,12Months,BMI,BIC_Optimized_Space,1,XGBoost_Classifier,0.8202,0.4147,0.4796,0.4356
6Months_to_12Months_BMI_S4_S6_Zscore_Only,6Months,12Months,BMI,BIC_Optimized_Space,1,Support_Vector_Classifier,0.8764,0.4747,0.5012,0.4874
6Months_to_12Months_BMI_S4_S6_Zscore_Only,6Months,12Months,BMI,BIC_Optimized_Space,1,Neural_Network_MLP,0.8652,0.4592,0.4969,0.4763
12Months_to_18Months_Weight_S1_S5_All_Data,12Months,18Months,Weight,Full_Feature_Space,4,XGBoost_Classifier,0.8256,0.4603,0.48,0.4693
12Months_to_18Months_Weight_S1_S5_All_Data,12Months,18Months,Weight,Full_Feature_Space,4,Support_Vector_Classifier,0.8023,0.4336,0.4706,0.4479
12Months_to_18Months_Weight_S1_S5_All_Data,12Months,18Months,Weight,Full_Feature_Space,4,Neural_Network_MLP,0.814,0.4416,0.4753,0.4556
12Months_to_18Months_Weight_S1_S5_All_Data,12Months,18Months,Weight,AIC_Optimized_Space,2,XGBoost_Classifier,0.8256,0.4438,0.459,0.4512
12Months_to_18Months_Weight_S1_S5_All_Data,12Months,18Months,Weight,AIC_Optimized_Space,2,Support_Vector_Classifier,0.8256,0.457,0.5009,0.4742
12Months_to_18Months_Weight_S1_S5_All_Data,12Months,18Months,Weight,AIC_Optimized_Space,2,Neural_Network_MLP,0.814,0.4488,0.4962,0.4662
12Months_to_18Months_Weight_S1_S5_All_Data,12Months,18Months,Weight,BIC_Optimized_Space,2,XGBoost_Classifier,0.8256,0.4438,0.459,0.4512
12Months_to_18Months_Weight_S1_S5_All_Data,12Months,18Months,Weight,BIC_Optimized_Space,2,Support_Vector_Classifier,0.8256,0.457,0.5009,0.4742
12Months_to_18Months_Weight_S1_S5_All_Data,12Months,18Months,Weight,BIC_Optimized_Space,2,Neural_Network_MLP,0.814,0.4488,0.4962,0.4662
12Months_to_18Months_Weight_S2_No_Zscores,12Months,18Months,Weight,Full_Feature_Space,2,XGBoost_Classifier,0.7326,0.3482,0.3586,0.3527
12Months_to_18Months_Weight_S2_No_Zscores,12Months,18Months,Weight,Full_Feature_Space,2,Support_Vector_Classifier,0.8023,0.3697,0.3658,0.3633
12Months_to_18Months_Weight_S2_No_Zscores,12Months,18Months,Weight,Full_Feature_Space,2,Neural_Network_MLP,0.7907,0.3798,0.3821,0.3801
12Months_to_18Months_Weight_S2_No_Zscores,12Months,18Months,Weight,AIC_Optimized_Space,1,XGBoost_Classifier,0.7558,0.398,0.4308,0.4083
12Months_to_18Months_Weight_S2_No_Zscores,12Months,18Months,Weight,AIC_Optimized_Space,1,Support_Vector_Classifier,0.8023,0.3697,0.3658,0.3633
12Months_to_18Months_Weight_S2_No_Zscores,12Months,18Months,Weight,AIC_Optimized_Space,1,Neural_Network_MLP,0.7907,0.3798,0.3821,0.3801
12Months_to_18Months_Weight_S2_No_Zscores,12Months,18Months,Weight,BIC_Optimized_Space,1,XGBoost_Classifier,0.7558,0.398,0.4308,0.4083
12Months_to_18Months_Weight_S2_No_Zscores,12Months,18Months,Weight,BIC_Optimized_Space,1,Support_Vector_Classifier,0.8023,0.3697,0.3658,0.3633
12Months_to_18Months_Weight_S2_No_Zscores,12Months,18Months,Weight,BIC_Optimized_Space,1,Neural_Network_MLP,0.7907,0.3798,0.3821,0.3801
12Months_to_18Months_Weight_S3_No_Base_Data,12Months,18Months,Weight,Full_Feature_Space,4,XGBoost_Classifier,0.8256,0.4603,0.48,0.4693
12Months_to_18Months_Weight_S3_No_Base_Data,12Months,18Months,Weight,Full_Feature_Space,4,Support_Vector_Classifier,0.8023,0.4336,0.4706,0.4479
12Months_to_18Months_Weight_S3_No_Base_Data,12Months,18Months,Weight,Full_Feature_Space,4,Neural_Network_MLP,0.814,0.4416,0.4753,0.4556
12Months_to_18Months_Weight_S3_No_Base_Data,12Months,18Months,Weight,AIC_Optimized_Space,2,XGBoost_Classifier,0.8256,0.4438,0.459,0.4512
12Months_to_18Months_Weight_S3_No_Base_Data,12Months,18Months,Weight,AIC_Optimized_Space,2,Support_Vector_Classifier,0.8256,0.457,0.5009,0.4742
12Months_to_18Months_Weight_S3_No_Base_Data,12Months,18Months,Weight,AIC_Optimized_Space,2,Neural_Network_MLP,0.814,0.4488,0.4962,0.4662
12Months_to_18Months_Weight_S3_No_Base_Data,12Months,18Months,Weight,BIC_Optimized_Space,2,XGBoost_Classifier,0.8256,0.4438,0.459,0.4512
12Months_to_18Months_Weight_S3_No_Base_Data,12Months,18Months,Weight,BIC_Optimized_Space,2,Support_Vector_Classifier,0.8256,0.457,0.5009,0.4742
12Months_to_18Months_Weight_S3_No_Base_Data,12Months,18Months,Weight,BIC_Optimized_Space,2,Neural_Network_MLP,0.814,0.4488,0.4962,0.4662
12Months_to_18Months_Weight_S4_S6_Zscore_Only,12Months,18Months,Weight,Full_Feature_Space,2,XGBoost_Classifier,0.814,0.4543,0.4543,0.4543
12Months_to_18Months_Weight_S4_S6_Zscore_Only,12Months,18Months,Weight,Full_Feature_Space,2,Support_Vector_Classifier,0.814,0.4416,0.4753,0.4556
12Months_to_18Months_Weight_S4_S6_Zscore_Only,12Months,18Months,Weight,Full_Feature_Space,2,Neural_Network_MLP,0.8023,0.4412,0.4706,0.4529
12Months_to_18Months_Height_S1_S5_All_Data,12Months,18Months,Height,Full_Feature_Space,4,XGBoost_Classifier,0.8824,0.4156,0.4357,0.4253
12Months_to_18Months_Height_S1_S5_All_Data,12Months,18Months,Height,Full_Feature_Space,4,Support_Vector_Classifier,0.8588,0.3042,0.3202,0.312
12Months_to_18Months_Height_S1_S5_All_Data,12Months,18Months,Height,Full_Feature_Space,4,Neural_Network_MLP,0.9059,0.6851,0.7047,0.6939
12Months_to_18Months_Height_S1_S5_All_Data,12Months,18Months,Height,AIC_Optimized_Space,4,XGBoost_Classifier,0.8824,0.4156,0.4357,0.4253
12Months_to_18Months_Height_S1_S5_All_Data,12Months,18Months,Height,AIC_Optimized_Space,4,Support_Vector_Classifier,0.8588,0.3042,0.3202,0.312
12Months_to_18Months_Height_S1_S5_All_Data,12Months,18Months,Height,AIC_Optimized_Space,4,Neural_Network_MLP,0.8588,0.5175,0.5292,0.5227
12Months_to_18Months_Height_S1_S5_All_Data,12Months,18Months,Height,BIC_Optimized_Space,1,XGBoost_Classifier,0.8353,0.4456,0.4693,0.4554
12Months_to_18Months_Height_S1_S5_All_Data,12Months,18Months,Height,BIC_Optimized_Space,1,Support_Vector_Classifier,0.8824,0.2976,0.3289,0.3125
12Months_to_18Months_Height_S1_S5_All_Data,12Months,18Months,Height,BIC_Optimized_Space,1,Neural_Network_MLP,0.8706,0.2972,0.3246,0.3103
12Months_to_18Months_Height_S2_No_Zscores,12Months,18Months,Height,Full_Feature_Space,2,XGBoost_Classifier,0.8824,0.3012,0.3289,0.3145
12Months_to_18Months_Height_S2_No_Zscores,12Months,18Months,Height,Full_Feature_Space,2,Support_Vector_Classifier,0.8824,0.3049,0.3289,0.3165
12Months_to_18Months_Height_S2_No_Zscores,12Months,18Months,Height,Full_Feature_Space,2,Neural_Network_MLP,0.8588,0.3042,0.3202,0.312
12Months_to_18Months_Height_S2_No_Zscores,12Months,18Months,Height,AIC_Optimized_Space,2,XGBoost_Classifier,0.8824,0.3012,0.3289,0.3145
12Months_to_18Months_Height_S2_No_Zscores,12Months,18Months,Height,AIC_Optimized_Space,2,Support_Vector_Classifier,0.8824,0.3049,0.3289,0.3165
12Months_to_18Months_Height_S2_No_Zscores,12Months,18Months,Height,AIC_Optimized_Space,2,Neural_Network_MLP,0.8588,0.3042,0.3202,0.312
12Months_to_18Months_Height_S2_No_Zscores,12Months,18Months,Height,BIC_Optimized_Space,1,XGBoost_Classifier,0.8824,0.2976,0.3289,0.3125
12Months_to_18Months_Height_S2_No_Zscores,12Months,18Months,Height,BIC_Optimized_Space,1,Support_Vector_Classifier,0.8941,0.298,0.3333,0.3147
12Months_to_18Months_Height_S2_No_Zscores,12Months,18Months,Height,BIC_Optimized_Space,1,Neural_Network_MLP,0.8941,0.298,0.3333,0.3147
12Months_to_18Months_Height_S3_No_Base_Data,12Months,18Months,Height,Full_Feature_Space,4,XGBoost_Classifier,0.8824,0.4156,0.4357,0.4253
12Months_to_18Months_Height_S3_No_Base_Data,12Months,18Months,Height,Full_Feature_Space,4,Support_Vector_Classifier,0.8588,0.3042,0.3202,0.312
12Months_to_18Months_Height_S3_No_Base_Data,12Months,18Months,Height,Full_Feature_Space,4,Neural_Network_MLP,0.9059,0.6851,0.7047,0.6939
12Months_to_18Months_Height_S3_No_Base_Data,12Months,18Months,Height,AIC_Optimized_Space,4,XGBoost_Classifier,0.8824,0.4156,0.4357,0.4253
12Months_to_18Months_Height_S3_No_Base_Data,12Months,18Months,Height,AIC_Optimized_Space,4,Support_Vector_Classifier,0.8588,0.3042,0.3202,0.312
12Months_to_18Months_Height_S3_No_Base_Data,12Months,18Months,Height,AIC_Optimized_Space,4,Neural_Network_MLP,0.8588,0.5175,0.5292,0.5227
12Months_to_18Months_Height_S3_No_Base_Data,12Months,18Months,Height,BIC_Optimized_Space,1,XGBoost_Classifier,0.8353,0.4456,0.4693,0.4554
12Months_to_18Months_Height_S3_No_Base_Data,12Months,18Months,Height,BIC_Optimized_Space,1,Support_Vector_Classifier,0.8824,0.2976,0.3289,0.3125
12Months_to_18Months_Height_S3_No_Base_Data,12Months,18Months,Height,BIC_Optimized_Space,1,Neural_Network_MLP,0.8706,0.2972,0.3246,0.3103
12Months_to_18Months_Height_S4_S6_Zscore_Only,12Months,18Months,Height,Full_Feature_Space,2,XGBoost_Classifier,0.8588,0.3871,0.4269,0.4049
12Months_to_18Months_Height_S4_S6_Zscore_Only,12Months,18Months,Height,Full_Feature_Space,2,Support_Vector_Classifier,0.8824,0.2976,0.3289,0.3125
12Months_to_18Months_Height_S4_S6_Zscore_Only,12Months,18Months,Height,Full_Feature_Space,2,Neural_Network_MLP,0.8471,0.3038,0.3158,0.3097
12Months_to_18Months_Height_S4_S6_Zscore_Only,12Months,18Months,Height,AIC_Optimized_Space,1,XGBoost_Classifier,0.8353,0.4456,0.4693,0.4554
12Months_to_18Months_Height_S4_S6_Zscore_Only,12Months,18Months,Height,AIC_Optimized_Space,1,Support_Vector_Classifier,0.8824,0.2976,0.3289,0.3125
12Months_to_18Months_Height_S4_S6_Zscore_Only,12Months,18Months,Height,AIC_Optimized_Space,1,Neural_Network_MLP,0.8706,0.2972,0.3246,0.3103
12Months_to_18Months_Height_S4_S6_Zscore_Only,12Months,18Months,Height,BIC_Optimized_Space,1,XGBoost_Classifier,0.8353,0.4456,0.4693,0.4554
12Months_to_18Months_Height_S4_S6_Zscore_Only,12Months,18Months,Height,BIC_Optimized_Space,1,Support_Vector_Classifier,0.8824,0.2976,0.3289,0.3125
12Months_to_18Months_Height_S4_S6_Zscore_Only,12Months,18Months,Height,BIC_Optimized_Space,1,Neural_Network_MLP,0.8706,0.2972,0.3246,0.3103
12Months_to_18Months_BMI_S1_S5_All_Data,12Months,18Months,BMI,Full_Feature_Space,4,XGBoost_Classifier,0.8372,0.3997,0.3575,0.3567
12Months_to_18Months_BMI_S1_S5_All_Data,12Months,18Months,BMI,Full_Feature_Space,4,Support_Vector_Classifier,0.8488,0.2829,0.3333,0.3061
12Months_to_18Months_BMI_S1_S5_All_Data,12Months,18Months,BMI,Full_Feature_Space,4,Neural_Network_MLP,0.814,0.2881,0.3196,0.303
12Months_to_18Months_BMI_S1_S5_All_Data,12Months,18Months,BMI,AIC_Optimized_Space,2,XGBoost_Classifier,0.8372,0.2857,0.3288,0.3057
12Months_to_18Months_BMI_S1_S5_All_Data,12Months,18Months,BMI,AIC_Optimized_Space,2,Support_Vector_Classifier,0.8488,0.2829,0.3333,0.3061
12Months_to_18Months_BMI_S1_S5_All_Data,12Months,18Months,BMI,AIC_Optimized_Space,2,Neural_Network_MLP,0.814,0.2881,0.3196,0.303
12Months_to_18Months_BMI_S1_S5_All_Data,12Months,18Months,BMI,BIC_Optimized_Space,2,XGBoost_Classifier,0.8372,0.2857,0.3288,0.3057
12Months_to_18Months_BMI_S1_S5_All_Data,12Months,18Months,BMI,BIC_Optimized_Space,2,Support_Vector_Classifier,0.8488,0.2829,0.3333,0.3061
12Months_to_18Months_BMI_S1_S5_All_Data,12Months,18Months,BMI,BIC_Optimized_Space,2,Neural_Network_MLP,0.814,0.2881,0.3196,0.303
12Months_to_18Months_BMI_S2_No_Zscores,12Months,18Months,BMI,Full_Feature_Space,2,XGBoost_Classifier,0.8372,0.2857,0.3288,0.3057
12Months_to_18Months_BMI_S2_No_Zscores,12Months,18Months,BMI,Full_Feature_Space,2,Support_Vector_Classifier,0.8488,0.2829,0.3333,0.3061
12Months_to_18Months_BMI_S2_No_Zscores,12Months,18Months,BMI,Full_Feature_Space,2,Neural_Network_MLP,0.814,0.2846,0.3196,0.3011
12Months_to_18Months_BMI_S2_No_Zscores,12Months,18Months,BMI,AIC_Optimized_Space,2,XGBoost_Classifier,0.8372,0.2857,0.3288,0.3057
12Months_to_18Months_BMI_S2_No_Zscores,12Months,18Months,BMI,AIC_Optimized_Space,2,Support_Vector_Classifier,0.8488,0.2829,0.3333,0.3061
12Months_to_18Months_BMI_S2_No_Zscores,12Months,18Months,BMI,AIC_Optimized_Space,2,Neural_Network_MLP,0.814,0.2881,0.3196,0.303
12Months_to_18Months_BMI_S2_No_Zscores,12Months,18Months,BMI,BIC_Optimized_Space,2,XGBoost_Classifier,0.8372,0.2857,0.3288,0.3057
12Months_to_18Months_BMI_S2_No_Zscores,12Months,18Months,BMI,BIC_Optimized_Space,2,Support_Vector_Classifier,0.8488,0.2829,0.3333,0.3061
12Months_to_18Months_BMI_S2_No_Zscores,12Months,18Months,BMI,BIC_Optimized_Space,2,Neural_Network_MLP,0.814,0.2881,0.3196,0.303
12Months_to_18Months_BMI_S3_No_Base_Data,12Months,18Months,BMI,Full_Feature_Space,4,XGBoost_Classifier,0.8372,0.3997,0.3575,0.3567
12Months_to_18Months_BMI_S3_No_Base_Data,12Months,18Months,BMI,Full_Feature_Space,4,Support_Vector_Classifier,0.8488,0.2829,0.3333,0.3061
12Months_to_18Months_BMI_S3_No_Base_Data,12Months,18Months,BMI,Full_Feature_Space,4,Neural_Network_MLP,0.814,0.2881,0.3196,0.303
12Months_to_18Months_BMI_S3_No_Base_Data,12Months,18Months,BMI,AIC_Optimized_Space,2,XGBoost_Classifier,0.8372,0.2857,0.3288,0.3057
12Months_to_18Months_BMI_S3_No_Base_Data,12Months,18Months,BMI,AIC_Optimized_Space,2,Support_Vector_Classifier,0.8488,0.2829,0.3333,0.3061
12Months_to_18Months_BMI_S3_No_Base_Data,12Months,18Months,BMI,AIC_Optimized_Space,2,Neural_Network_MLP,0.814,0.2881,0.3196,0.303
12Months_to_18Months_BMI_S3_No_Base_Data,12Months,18Months,BMI,BIC_Optimized_Space,2,XGBoost_Classifier,0.8372,0.2857,0.3288,0.3057
12Months_to_18Months_BMI_S3_No_Base_Data,12Months,18Months,BMI,BIC_Optimized_Space,2,Support_Vector_Classifier,0.8488,0.2829,0.3333,0.3061
12Months_to_18Months_BMI_S3_No_Base_Data,12Months,18Months,BMI,BIC_Optimized_Space,2,Neural_Network_MLP,0.814,0.2881,0.3196,0.303
12Months_to_18Months_BMI_S4_S6_Zscore_Only,12Months,18Months,BMI,Full_Feature_Space,2,XGBoost_Classifier,0.8372,0.3997,0.3575,0.3567
12Months_to_18Months_BMI_S4_S6_Zscore_Only,12Months,18Months,BMI,Full_Feature_Space,2,Support_Vector_Classifier,0.8488,0.2829,0.3333,0.3061
12Months_to_18Months_BMI_S4_S6_Zscore_Only,12Months,18Months,BMI,Full_Feature_Space,2,Neural_Network_MLP,0.8372,0.2824,0.3288,0.3038
18Months_to_24Months_Weight_S1_S5_All_Data,18Months,24Months,Weight,Full_Feature_Space,3,XGBoost_Classifier,0.75,0.6448,0.6931,0.6243
18Months_to_24Months_Weight_S1_S5_All_Data,18Months,24Months,Weight,Full_Feature_Space,3,Support_Vector_Classifier,0.75,0.6389,0.6551,0.6341
18Months_to_24Months_Weight_S1_S5_All_Data,18Months,24Months,Weight,Full_Feature_Space,3,Neural_Network_MLP,0.7647,0.6555,0.6727,0.6534
18Months_to_24Months_Weight_S1_S5_All_Data,18Months,24Months,Weight,AIC_Optimized_Space,1,XGBoost_Classifier,0.7353,0.624,0.6756,0.6172
18Months_to_24Months_Weight_S1_S5_All_Data,18Months,24Months,Weight,AIC_Optimized_Space,1,Support_Vector_Classifier,0.7647,0.6926,0.7107,0.6835
18Months_to_24Months_Weight_S1_S5_All_Data,18Months,24Months,Weight,AIC_Optimized_Space,1,Neural_Network_MLP,0.7353,0.6251,0.6854,0.6306
18Months_to_24Months_Weight_S1_S5_All_Data,18Months,24Months,Weight,BIC_Optimized_Space,1,XGBoost_Classifier,0.7353,0.624,0.6756,0.6172
18Months_to_24Months_Weight_S1_S5_All_Data,18Months,24Months,Weight,BIC_Optimized_Space,1,Support_Vector_Classifier,0.7647,0.6926,0.7107,0.6835
18Months_to_24Months_Weight_S1_S5_All_Data,18Months,24Months,Weight,BIC_Optimized_Space,1,Neural_Network_MLP,0.7353,0.6251,0.6854,0.6306
18Months_to_24Months_Weight_S3_No_Base_Data,18Months,24Months,Weight,Full_Feature_Space,3,XGBoost_Classifier,0.75,0.6448,0.6931,0.6243
18Months_to_24Months_Weight_S3_No_Base_Data,18Months,24Months,Weight,Full_Feature_Space,3,Support_Vector_Classifier,0.75,0.6389,0.6551,0.6341
18Months_to_24Months_Weight_S3_No_Base_Data,18Months,24Months,Weight,Full_Feature_Space,3,Neural_Network_MLP,0.7647,0.6555,0.6727,0.6534
18Months_to_24Months_Weight_S3_No_Base_Data,18Months,24Months,Weight,AIC_Optimized_Space,1,XGBoost_Classifier,0.7353,0.624,0.6756,0.6172
18Months_to_24Months_Weight_S3_No_Base_Data,18Months,24Months,Weight,AIC_Optimized_Space,1,Support_Vector_Classifier,0.7647,0.6926,0.7107,0.6835
18Months_to_24Months_Weight_S3_No_Base_Data,18Months,24Months,Weight,AIC_Optimized_Space,1,Neural_Network_MLP,0.7353,0.6251,0.6854,0.6306
18Months_to_24Months_Weight_S3_No_Base_Data,18Months,24Months,Weight,BIC_Optimized_Space,1,XGBoost_Classifier,0.7353,0.624,0.6756,0.6172
18Months_to_24Months_Weight_S3_No_Base_Data,18Months,24Months,Weight,BIC_Optimized_Space,1,Support_Vector_Classifier,0.7647,0.6926,0.7107,0.6835
18Months_to_24Months_Weight_S3_No_Base_Data,18Months,24Months,Weight,BIC_Optimized_Space,1,Neural_Network_MLP,0.7353,0.6251,0.6854,0.6306
18Months_to_24Months_Weight_S4_S6_Zscore_Only,18Months,24Months,Weight,Full_Feature_Space,3,XGBoost_Classifier,0.75,0.6448,0.6931,0.6243
18Months_to_24Months_Weight_S4_S6_Zscore_Only,18Months,24Months,Weight,Full_Feature_Space,3,Support_Vector_Classifier,0.75,0.6389,0.6551,0.6341
18Months_to_24Months_Weight_S4_S6_Zscore_Only,18Months,24Months,Weight,Full_Feature_Space,3,Neural_Network_MLP,0.7647,0.6555,0.6727,0.6534
18Months_to_24Months_Weight_S4_S6_Zscore_Only,18Months,24Months,Weight,AIC_Optimized_Space,1,XGBoost_Classifier,0.7353,0.624,0.6756,0.6172
18Months_to_24Months_Weight_S4_S6_Zscore_Only,18Months,24Months,Weight,AIC_Optimized_Space,1,Support_Vector_Classifier,0.7647,0.6926,0.7107,0.6835
18Months_to_24Months_Weight_S4_S6_Zscore_Only,18Months,24Months,Weight,AIC_Optimized_Space,1,Neural_Network_MLP,0.7353,0.6251,0.6854,0.6306
18Months_to_24Months_Weight_S4_S6_Zscore_Only,18Months,24Months,Weight,BIC_Optimized_Space,1,XGBoost_Classifier,0.7353,0.624,0.6756,0.6172
18Months_to_24Months_Weight_S4_S6_Zscore_Only,18Months,24Months,Weight,BIC_Optimized_Space,1,Support_Vector_Classifier,0.7647,0.6926,0.7107,0.6835
18Months_to_24Months_Weight_S4_S6_Zscore_Only,18Months,24Months,Weight,BIC_Optimized_Space,1,Neural_Network_MLP,0.7353,0.6251,0.6854,0.6306
18Months_to_24Months_Height_S1_S5_All_Data,18Months,24Months,Height,Full_Feature_Space,3,XGBoost_Classifier,0.8986,0.401,0.6613,0.4561
18Months_to_24Months_Height_S1_S5_All_Data,18Months,24Months,Height,Full_Feature_Space,3,Support_Vector_Classifier,0.8841,0.299,0.328,0.3128
18Months_to_24Months_Height_S1_S5_All_Data,18Months,24Months,Height,Full_Feature_Space,3,Neural_Network_MLP,0.8986,0.2995,0.3333,0.3155
18Months_to_24Months_Height_S1_S5_All_Data,18Months,24Months,Height,AIC_Optimized_Space,1,XGBoost_Classifier,0.8696,0.3125,0.3226,0.3175
18Months_to_24Months_Height_S1_S5_All_Data,18Months,24Months,Height,AIC_Optimized_Space,1,Support_Vector_Classifier,0.8986,0.2995,0.3333,0.3155
18Months_to_24Months_Height_S1_S5_All_Data,18Months,24Months,Height,AIC_Optimized_Space,1,Neural_Network_MLP,0.8986,0.2995,0.3333,0.3155
18Months_to_24Months_Height_S1_S5_All_Data,18Months,24Months,Height,BIC_Optimized_Space,1,XGBoost_Classifier,0.8696,0.3125,0.3226,0.3175
18Months_to_24Months_Height_S1_S5_All_Data,18Months,24Months,Height,BIC_Optimized_Space,1,Support_Vector_Classifier,0.8986,0.2995,0.3333,0.3155
18Months_to_24Months_Height_S1_S5_All_Data,18Months,24Months,Height,BIC_Optimized_Space,1,Neural_Network_MLP,0.8986,0.2995,0.3333,0.3155
18Months_to_24Months_Height_S3_No_Base_Data,18Months,24Months,Height,Full_Feature_Space,3,XGBoost_Classifier,0.8986,0.401,0.6613,0.4561
18Months_to_24Months_Height_S3_No_Base_Data,18Months,24Months,Height,Full_Feature_Space,3,Support_Vector_Classifier,0.8841,0.299,0.328,0.3128
18Months_to_24Months_Height_S3_No_Base_Data,18Months,24Months,Height,Full_Feature_Space,3,Neural_Network_MLP,0.8986,0.2995,0.3333,0.3155
18Months_to_24Months_Height_S3_No_Base_Data,18Months,24Months,Height,AIC_Optimized_Space,1,XGBoost_Classifier,0.8696,0.3125,0.3226,0.3175
18Months_to_24Months_Height_S3_No_Base_Data,18Months,24Months,Height,AIC_Optimized_Space,1,Support_Vector_Classifier,0.8986,0.2995,0.3333,0.3155
18Months_to_24Months_Height_S3_No_Base_Data,18Months,24Months,Height,AIC_Optimized_Space,1,Neural_Network_MLP,0.8986,0.2995,0.3333,0.3155
18Months_to_24Months_Height_S3_No_Base_Data,18Months,24Months,Height,BIC_Optimized_Space,1,XGBoost_Classifier,0.8696,0.3125,0.3226,0.3175
18Months_to_24Months_Height_S3_No_Base_Data,18Months,24Months,Height,BIC_Optimized_Space,1,Support_Vector_Classifier,0.8986,0.2995,0.3333,0.3155
18Months_to_24Months_Height_S3_No_Base_Data,18Months,24Months,Height,BIC_Optimized_Space,1,Neural_Network_MLP,0.8986,0.2995,0.3333,0.3155
18Months_to_24Months_Height_S4_S6_Zscore_Only,18Months,24Months,Height,Full_Feature_Space,3,XGBoost_Classifier,0.8986,0.401,0.6613,0.4561
18Months_to_24Months_Height_S4_S6_Zscore_Only,18Months,24Months,Height,Full_Feature_Space,3,Support_Vector_Classifier,0.8841,0.299,0.328,0.3128
18Months_to_24Months_Height_S4_S6_Zscore_Only,18Months,24Months,Height,Full_Feature_Space,3,Neural_Network_MLP,0.8986,0.2995,0.3333,0.3155
18Months_to_24Months_Height_S4_S6_Zscore_Only,18Months,24Months,Height,AIC_Optimized_Space,1,XGBoost_Classifier,0.8696,0.3125,0.3226,0.3175
18Months_to_24Months_Height_S4_S6_Zscore_Only,18Months,24Months,Height,AIC_Optimized_Space,1,Support_Vector_Classifier,0.8986,0.2995,0.3333,0.3155
18Months_to_24Months_Height_S4_S6_Zscore_Only,18Months,24Months,Height,AIC_Optimized_Space,1,Neural_Network_MLP,0.8986,0.2995,0.3333,0.3155
18Months_to_24Months_Height_S4_S6_Zscore_Only,18Months,24Months,Height,BIC_Optimized_Space,1,XGBoost_Classifier,0.8696,0.3125,0.3226,0.3175
18Months_to_24Months_Height_S4_S6_Zscore_Only,18Months,24Months,Height,BIC_Optimized_Space,1,Support_Vector_Classifier,0.8986,0.2995,0.3333,0.3155
18Months_to_24Months_Height_S4_S6_Zscore_Only,18Months,24Months,Height,BIC_Optimized_Space,1,Neural_Network_MLP,0.8986,0.2995,0.3333,0.3155
18Months_to_24Months_BMI_S1_S5_All_Data,18Months,24Months,BMI,Full_Feature_Space,3,XGBoost_Classifier,0.7246,0.6164,0.5333,0.5565
18Months_to_24Months_BMI_S1_S5_All_Data,18Months,24Months,BMI,Full_Feature_Space,3,Support_Vector_Classifier,0.7101,0.5879,0.5056,0.5148
18Months_to_24Months_BMI_S1_S5_All_Data,18Months,24Months,BMI,Full_Feature_Space,3,Neural_Network_MLP,0.7101,0.5552,0.5259,0.5232
18Months_to_24Months_BMI_S1_S5_All_Data,18Months,24Months,BMI,AIC_Optimized_Space,2,XGBoost_Classifier,0.7391,0.6166,0.5407,0.5615
18Months_to_24Months_BMI_S1_S5_All_Data,18Months,24Months,BMI,AIC_Optimized_Space,2,Support_Vector_Classifier,0.7101,0.5774,0.5056,0.5111
18Months_to_24Months_BMI_S1_S5_All_Data,18Months,24Months,BMI,AIC_Optimized_Space,2,Neural_Network_MLP,0.7101,0.5319,0.5056,0.5077
18Months_to_24Months_BMI_S1_S5_All_Data,18Months,24Months,BMI,BIC_Optimized_Space,2,XGBoost_Classifier,0.7391,0.6166,0.5407,0.5615
18Months_to_24Months_BMI_S1_S5_All_Data,18Months,24Months,BMI,BIC_Optimized_Space,2,Support_Vector_Classifier,0.7101,0.5774,0.5056,0.5111
18Months_to_24Months_BMI_S1_S5_All_Data,18Months,24Months,BMI,BIC_Optimized_Space,2,Neural_Network_MLP,0.7101,0.5319,0.5056,0.5077
18Months_to_24Months_BMI_S3_No_Base_Data,18Months,24Months,BMI,Full_Feature_Space,3,XGBoost_Classifier,0.7246,0.6164,0.5333,0.5565
18Months_to_24Months_BMI_S3_No_Base_Data,18Months,24Months,BMI,Full_Feature_Space,3,Support_Vector_Classifier,0.7101,0.5879,0.5056,0.5148
18Months_to_24Months_BMI_S3_No_Base_Data,18Months,24Months,BMI,Full_Feature_Space,3,Neural_Network_MLP,0.7101,0.5552,0.5259,0.5232
18Months_to_24Months_BMI_S3_No_Base_Data,18Months,24Months,BMI,AIC_Optimized_Space,2,XGBoost_Classifier,0.7391,0.6166,0.5407,0.5615
18Months_to_24Months_BMI_S3_No_Base_Data,18Months,24Months,BMI,AIC_Optimized_Space,2,Support_Vector_Classifier,0.7101,0.5774,0.5056,0.5111
18Months_to_24Months_BMI_S3_No_Base_Data,18Months,24Months,BMI,AIC_Optimized_Space,2,Neural_Network_MLP,0.7101,0.5319,0.5056,0.5077
18Months_to_24Months_BMI_S3_No_Base_Data,18Months,24Months,BMI,BIC_Optimized_Space,2,XGBoost_Classifier,0.7391,0.6166,0.5407,0.5615
18Months_to_24Months_BMI_S3_No_Base_Data,18Months,24Months,BMI,BIC_Optimized_Space,2,Support_Vector_Classifier,0.7101,0.5774,0.5056,0.5111
18Months_to_24Months_BMI_S3_No_Base_Data,18Months,24Months,BMI,BIC_Optimized_Space,2,Neural_Network_MLP,0.7101,0.5319,0.5056,0.5077
18Months_to_24Months_BMI_S4_S6_Zscore_Only,18Months,24Months,BMI,Full_Feature_Space,3,XGBoost_Classifier,0.7246,0.6164,0.5333,0.5565
18Months_to_24Months_BMI_S4_S6_Zscore_Only,18Months,24Months,BMI,Full_Feature_Space,3,Support_Vector_Classifier,0.7101,0.5879,0.5056,0.5148
18Months_to_24Months_BMI_S4_S6_Zscore_Only,18Months,24Months,BMI,Full_Feature_Space,3,Neural_Network_MLP,0.7101,0.5552,0.5259,0.5232
18Months_to_24Months_BMI_S4_S6_Zscore_Only,18Months,24Months,BMI,AIC_Optimized_Space,2,XGBoost_Classifier,0.7391,0.6166,0.5407,0.5615
18Months_to_24Months_BMI_S4_S6_Zscore_Only,18Months,24Months,BMI,AIC_Optimized_Space,2,Support_Vector_Classifier,0.7101,0.5774,0.5056,0.5111
18Months_to_24Months_BMI_S4_S6_Zscore_Only,18Months,24Months,BMI,AIC_Optimized_Space,2,Neural_Network_MLP,0.7101,0.5319,0.5056,0.5077
18Months_to_24Months_BMI_S4_S6_Zscore_Only,18Months,24Months,BMI,BIC_Optimized_Space,2,XGBoost_Classifier,0.7391,0.6166,0.5407,0.5615
18Months_to_24Months_BMI_S4_S6_Zscore_Only,18Months,24Months,BMI,BIC_Optimized_Space,2,Support_Vector_Classifier,0.7101,0.5774,0.5056,0.5111
18Months_to_24Months_BMI_S4_S6_Zscore_Only,18Months,24Months,BMI,BIC_Optimized_Space,2,Neural_Network_MLP,0.7101,0.5319,0.5056,0.5077
24Months_to_36Months_Weight_S1_S5_All_Data,24Months,36Months,Weight,Full_Feature_Space,3,XGBoost_Classifier,0.7442,0.7055,0.6883,0.6951
24Months_to_36Months_Weight_S1_S5_All_Data,24Months,36Months,Weight,Full_Feature_Space,3,Support_Vector_Classifier,0.7907,0.7944,0.713,0.7382
24Months_to_36Months_Weight_S1_S5_All_Data,24Months,36Months,Weight,Full_Feature_Space,3,Neural_Network_MLP,0.7674,0.7262,0.7006,0.7121
24Months_to_36Months_Weight_S1_S5_All_Data,24Months,36Months,Weight,AIC_Optimized_Space,2,XGBoost_Classifier,0.6977,0.6682,0.6343,0.6426
24Months_to_36Months_Weight_S1_S5_All_Data,24Months,36Months,Weight,AIC_Optimized_Space,2,Support_Vector_Classifier,0.7674,0.7262,0.7006,0.7121
24Months_to_36Months_Weight_S1_S5_All_Data,24Months,36Months,Weight,AIC_Optimized_Space,2,Neural_Network_MLP,0.7674,0.7262,0.7006,0.7121
24Months_to_36Months_Weight_S1_S5_All_Data,24Months,36Months,Weight,BIC_Optimized_Space,1,XGBoost_Classifier,0.7674,0.7821,0.7299,0.7331
24Months_to_36Months_Weight_S1_S5_All_Data,24Months,36Months,Weight,BIC_Optimized_Space,1,Support_Vector_Classifier,0.7907,0.7487,0.713,0.7251
24Months_to_36Months_Weight_S1_S5_All_Data,24Months,36Months,Weight,BIC_Optimized_Space,1,Neural_Network_MLP,0.7907,0.7549,0.7423,0.7467
24Months_to_36Months_Weight_S3_No_Base_Data,24Months,36Months,Weight,Full_Feature_Space,3,XGBoost_Classifier,0.7442,0.7055,0.6883,0.6951
24Months_to_36Months_Weight_S3_No_Base_Data,24Months,36Months,Weight,Full_Feature_Space,3,Support_Vector_Classifier,0.7907,0.7944,0.713,0.7382
24Months_to_36Months_Weight_S3_No_Base_Data,24Months,36Months,Weight,Full_Feature_Space,3,Neural_Network_MLP,0.7674,0.7262,0.7006,0.7121
24Months_to_36Months_Weight_S3_No_Base_Data,24Months,36Months,Weight,AIC_Optimized_Space,2,XGBoost_Classifier,0.6977,0.6682,0.6343,0.6426
24Months_to_36Months_Weight_S3_No_Base_Data,24Months,36Months,Weight,AIC_Optimized_Space,2,Support_Vector_Classifier,0.7674,0.7262,0.7006,0.7121
24Months_to_36Months_Weight_S3_No_Base_Data,24Months,36Months,Weight,AIC_Optimized_Space,2,Neural_Network_MLP,0.7674,0.7262,0.7006,0.7121
24Months_to_36Months_Weight_S3_No_Base_Data,24Months,36Months,Weight,BIC_Optimized_Space,1,XGBoost_Classifier,0.7674,0.7821,0.7299,0.7331
24Months_to_36Months_Weight_S3_No_Base_Data,24Months,36Months,Weight,BIC_Optimized_Space,1,Support_Vector_Classifier,0.7907,0.7487,0.713,0.7251
24Months_to_36Months_Weight_S3_No_Base_Data,24Months,36Months,Weight,BIC_Optimized_Space,1,Neural_Network_MLP,0.7907,0.7549,0.7423,0.7467
24Months_to_36Months_Weight_S4_S6_Zscore_Only,24Months,36Months,Weight,Full_Feature_Space,3,XGBoost_Classifier,0.7442,0.7055,0.6883,0.6951
24Months_to_36Months_Weight_S4_S6_Zscore_Only,24Months,36Months,Weight,Full_Feature_Space,3,Support_Vector_Classifier,0.7907,0.7944,0.713,0.7382
24Months_to_36Months_Weight_S4_S6_Zscore_Only,24Months,36Months,Weight,Full_Feature_Space,3,Neural_Network_MLP,0.7674,0.7262,0.7006,0.7121
24Months_to_36Months_Weight_S4_S6_Zscore_Only,24Months,36Months,Weight,AIC_Optimized_Space,2,XGBoost_Classifier,0.6977,0.6682,0.6343,0.6426
24Months_to_36Months_Weight_S4_S6_Zscore_Only,24Months,36Months,Weight,AIC_Optimized_Space,2,Support_Vector_Classifier,0.7674,0.7262,0.7006,0.7121
24Months_to_36Months_Weight_S4_S6_Zscore_Only,24Months,36Months,Weight,AIC_Optimized_Space,2,Neural_Network_MLP,0.7674,0.7262,0.7006,0.7121
24Months_to_36Months_Weight_S4_S6_Zscore_Only,24Months,36Months,Weight,BIC_Optimized_Space,1,XGBoost_Classifier,0.7674,0.7821,0.7299,0.7331
24Months_to_36Months_Weight_S4_S6_Zscore_Only,24Months,36Months,Weight,BIC_Optimized_Space,1,Support_Vector_Classifier,0.7907,0.7487,0.713,0.7251
24Months_to_36Months_Weight_S4_S6_Zscore_Only,24Months,36Months,Weight,BIC_Optimized_Space,1,Neural_Network_MLP,0.7907,0.7549,0.7423,0.7467
24Months_to_36Months_Height_S1_S5_All_Data,24Months,36Months,Height,Full_Feature_Space,3,XGBoost_Classifier,0.8462,0.4459,0.4714,0.4583
24Months_to_36Months_Height_S1_S5_All_Data,24Months,36Months,Height,Full_Feature_Space,3,Support_Vector_Classifier,0.8718,0.4474,0.4857,0.4658
24Months_to_36Months_Height_S1_S5_All_Data,24Months,36Months,Height,Full_Feature_Space,3,Neural_Network_MLP,0.8974,0.7095,0.6107,0.6389
24Months_to_36Months_Height_S1_S5_All_Data,24Months,36Months,Height,AIC_Optimized_Space,2,XGBoost_Classifier,0.8718,0.625,0.5964,0.6076
24Months_to_36Months_Height_S1_S5_All_Data,24Months,36Months,Height,AIC_Optimized_Space,2,Support_Vector_Classifier,0.8974,0.4487,0.5,0.473
24Months_to_36Months_Height_S1_S5_All_Data,24Months,36Months,Height,AIC_Optimized_Space,2,Neural_Network_MLP,0.9231,0.9605,0.625,0.6795
24Months_to_36Months_Height_S1_S5_All_Data,24Months,36Months,Height,BIC_Optimized_Space,1,XGBoost_Classifier,0.8718,0.4722,0.3976,0.421
24Months_to_36Months_Height_S1_S5_All_Data,24Months,36Months,Height,BIC_Optimized_Space,1,Support_Vector_Classifier,0.8718,0.2982,0.3238,0.3105
24Months_to_36Months_Height_S1_S5_All_Data,24Months,36Months,Height,BIC_Optimized_Space,1,Neural_Network_MLP,0.8974,0.4487,0.5,0.473
24Months_to_36Months_Height_S3_No_Base_Data,24Months,36Months,Height,Full_Feature_Space,3,XGBoost_Classifier,0.8462,0.4459,0.4714,0.4583
24Months_to_36Months_Height_S3_No_Base_Data,24Months,36Months,Height,Full_Feature_Space,3,Support_Vector_Classifier,0.8718,0.4474,0.4857,0.4658
24Months_to_36Months_Height_S3_No_Base_Data,24Months,36Months,Height,Full_Feature_Space,3,Neural_Network_MLP,0.8974,0.7095,0.6107,0.6389
24Months_to_36Months_Height_S3_No_Base_Data,24Months,36Months,Height,AIC_Optimized_Space,2,XGBoost_Classifier,0.8718,0.625,0.5964,0.6076
24Months_to_36Months_Height_S3_No_Base_Data,24Months,36Months,Height,AIC_Optimized_Space,2,Support_Vector_Classifier,0.8974,0.4487,0.5,0.473
24Months_to_36Months_Height_S3_No_Base_Data,24Months,36Months,Height,AIC_Optimized_Space,2,Neural_Network_MLP,0.9231,0.9605,0.625,0.6795
24Months_to_36Months_Height_S3_No_Base_Data,24Months,36Months,Height,BIC_Optimized_Space,1,XGBoost_Classifier,0.8718,0.4722,0.3976,0.421
24Months_to_36Months_Height_S3_No_Base_Data,24Months,36Months,Height,BIC_Optimized_Space,1,Support_Vector_Classifier,0.8718,0.2982,0.3238,0.3105
24Months_to_36Months_Height_S3_No_Base_Data,24Months,36Months,Height,BIC_Optimized_Space,1,Neural_Network_MLP,0.8974,0.4487,0.5,0.473
24Months_to_36Months_Height_S4_S6_Zscore_Only,24Months,36Months,Height,Full_Feature_Space,3,XGBoost_Classifier,0.8462,0.4459,0.4714,0.4583
24Months_to_36Months_Height_S4_S6_Zscore_Only,24Months,36Months,Height,Full_Feature_Space,3,Support_Vector_Classifier,0.8718,0.4474,0.4857,0.4658
24Months_to_36Months_Height_S4_S6_Zscore_Only,24Months,36Months,Height,Full_Feature_Space,3,Neural_Network_MLP,0.8974,0.7095,0.6107,0.6389
24Months_to_36Months_Height_S4_S6_Zscore_Only,24Months,36Months,Height,AIC_Optimized_Space,2,XGBoost_Classifier,0.8718,0.625,0.5964,0.6076
24Months_to_36Months_Height_S4_S6_Zscore_Only,24Months,36Months,Height,AIC_Optimized_Space,2,Support_Vector_Classifier,0.8974,0.4487,0.5,0.473
24Months_to_36Months_Height_S4_S6_Zscore_Only,24Months,36Months,Height,AIC_Optimized_Space,2,Neural_Network_MLP,0.9231,0.9605,0.625,0.6795
24Months_to_36Months_Height_S4_S6_Zscore_Only,24Months,36Months,Height,BIC_Optimized_Space,1,XGBoost_Classifier,0.8718,0.4722,0.3976,0.421
24Months_to_36Months_Height_S4_S6_Zscore_Only,24Months,36Months,Height,BIC_Optimized_Space,1,Support_Vector_Classifier,0.8718,0.2982,0.3238,0.3105
24Months_to_36Months_Height_S4_S6_Zscore_Only,24Months,36Months,Height,BIC_Optimized_Space,1,Neural_Network_MLP,0.8974,0.4487,0.5,0.473
24Months_to_36Months_BMI_S1_S5_All_Data,24Months,36Months,BMI,Full_Feature_Space,3,XGBoost_Classifier,0.5897,0.4861,0.4641,0.4395
24Months_to_36Months_BMI_S1_S5_All_Data,24Months,36Months,BMI,Full_Feature_Space,3,Support_Vector_Classifier,0.6154,0.702,0.4919,0.5162
24Months_to_36Months_BMI_S1_S5_All_Data,24Months,36Months,BMI,Full_Feature_Space,3,Neural_Network_MLP,0.4872,0.3556,0.3909,0.3661
24Months_to_36Months_BMI_S1_S5_All_Data,24Months,36Months,BMI,AIC_Optimized_Space,1,XGBoost_Classifier,0.5641,0.4487,0.4101,0.4008
24Months_to_36Months_BMI_S1_S5_All_Data,24Months,36Months,BMI,AIC_Optimized_Space,1,Support_Vector_Classifier,0.641,0.8704,0.4944,0.4946
24Months_to_36Months_BMI_S1_S5_All_Data,24Months,36Months,BMI,AIC_Optimized_Space,1,Neural_Network_MLP,0.5897,0.5354,0.4641,0.4535
24Months_to_36Months_BMI_S1_S5_All_Data,24Months,36Months,BMI,BIC_Optimized_Space,1,XGBoost_Classifier,0.5641,0.4487,0.4101,0.4008
24Months_to_36Months_BMI_S1_S5_All_Data,24Months,36Months,BMI,BIC_Optimized_Space,1,Support_Vector_Classifier,0.641,0.8704,0.4944,0.4946
24Months_to_36Months_BMI_S1_S5_All_Data,24Months,36Months,BMI,BIC_Optimized_Space,1,Neural_Network_MLP,0.5897,0.5354,0.4641,0.4535
24Months_to_36Months_BMI_S3_No_Base_Data,24Months,36Months,BMI,Full_Feature_Space,3,XGBoost_Classifier,0.5897,0.4861,0.4641,0.4395
24Months_to_36Months_BMI_S3_No_Base_Data,24Months,36Months,BMI,Full_Feature_Space,3,Support_Vector_Classifier,0.6154,0.702,0.4919,0.5162
24Months_to_36Months_BMI_S3_No_Base_Data,24Months,36Months,BMI,Full_Feature_Space,3,Neural_Network_MLP,0.4872,0.3556,0.3909,0.3661
24Months_to_36Months_BMI_S3_No_Base_Data,24Months,36Months,BMI,AIC_Optimized_Space,1,XGBoost_Classifier,0.5641,0.4487,0.4101,0.4008
24Months_to_36Months_BMI_S3_No_Base_Data,24Months,36Months,BMI,AIC_Optimized_Space,1,Support_Vector_Classifier,0.641,0.8704,0.4944,0.4946
24Months_to_36Months_BMI_S3_No_Base_Data,24Months,36Months,BMI,AIC_Optimized_Space,1,Neural_Network_MLP,0.5897,0.5354,0.4641,0.4535
24Months_to_36Months_BMI_S3_No_Base_Data,24Months,36Months,BMI,BIC_Optimized_Space,1,XGBoost_Classifier,0.5641,0.4487,0.4101,0.4008
24Months_to_36Months_BMI_S3_No_Base_Data,24Months,36Months,BMI,BIC_Optimized_Space,1,Support_Vector_Classifier,0.641,0.8704,0.4944,0.4946
24Months_to_36Months_BMI_S3_No_Base_Data,24Months,36Months,BMI,BIC_Optimized_Space,1,Neural_Network_MLP,0.5897,0.5354,0.4641,0.4535
24Months_to_36Months_BMI_S4_S6_Zscore_Only,24Months,36Months,BMI,Full_Feature_Space,3,XGBoost_Classifier,0.5897,0.4861,0.4641,0.4395
24Months_to_36Months_BMI_S4_S6_Zscore_Only,24Months,36Months,BMI,Full_Feature_Space,3,Support_Vector_Classifier,0.6154,0.702,0.4919,0.5162
24Months_to_36Months_BMI_S4_S6_Zscore_Only,24Months,36Months,BMI,Full_Feature_Space,3,Neural_Network_MLP,0.4872,0.3556,0.3909,0.3661
24Months_to_36Months_BMI_S4_S6_Zscore_Only,24Months,36Months,BMI,AIC_Optimized_Space,1,XGBoost_Classifier,0.5641,0.4487,0.4101,0.4008
24Months_to_36Months_BMI_S4_S6_Zscore_Only,24Months,36Months,BMI,AIC_Optimized_Space,1,Support_Vector_Classifier,0.641,0.8704,0.4944,0.4946
24Months_to_36Months_BMI_S4_S6_Zscore_Only,24Months,36Months,BMI,AIC_Optimized_Space,1,Neural_Network_MLP,0.5897,0.5354,0.4641,0.4535
24Months_to_36Months_BMI_S4_S6_Zscore_Only,24Months,36Months,BMI,BIC_Optimized_Space,1,XGBoost_Classifier,0.5641,0.4487,0.4101,0.4008
24Months_to_36Months_BMI_S4_S6_Zscore_Only,24Months,36Months,BMI,BIC_Optimized_Space,1,Support_Vector_Classifier,0.641,0.8704,0.4944,0.4946
24Months_to_36Months_BMI_S4_S6_Zscore_Only,24Months,36Months,BMI,BIC_Optimized_Space,1,Neural_Network_MLP,0.5897,0.5354,0.4641,0.4535
36Months_to_48Months_Height_S1_S5_All_Data,36Months,48Months,Height,Full_Feature_Space,3,XGBoost_Classifier,0.7727,0.5877,0.5694,0.5753
36Months_to_48Months_Height_S1_S5_All_Data,36Months,48Months,Height,Full_Feature_Space,3,Support_Vector_Classifier,0.7727,0.5877,0.5694,0.5753
36Months_to_48Months_Height_S1_S5_All_Data,36Months,48Months,Height,Full_Feature_Space,3,Neural_Network_MLP,0.7273,0.4,0.4444,0.4211
36Months_to_48Months_Height_S1_S5_All_Data,36Months,48Months,Height,AIC_Optimized_Space,2,XGBoost_Classifier,0.7727,0.5877,0.5694,0.5753
36Months_to_48Months_Height_S1_S5_All_Data,36Months,48Months,Height,AIC_Optimized_Space,2,Support_Vector_Classifier,0.7273,0.4,0.4444,0.4211
36Months_to_48Months_Height_S1_S5_All_Data,36Months,48Months,Height,AIC_Optimized_Space,2,Neural_Network_MLP,0.7727,0.4048,0.4722,0.4359
36Months_to_48Months_Height_S1_S5_All_Data,36Months,48Months,Height,BIC_Optimized_Space,1,XGBoost_Classifier,0.7727,0.5877,0.5694,0.5753
36Months_to_48Months_Height_S1_S5_All_Data,36Months,48Months,Height,BIC_Optimized_Space,1,Support_Vector_Classifier,0.7727,0.5877,0.5694,0.5753
36Months_to_48Months_Height_S1_S5_All_Data,36Months,48Months,Height,BIC_Optimized_Space,1,Neural_Network_MLP,0.7727,0.5877,0.5694,0.5753
36Months_to_48Months_Height_S3_No_Base_Data,36Months,48Months,Height,Full_Feature_Space,3,XGBoost_Classifier,0.7727,0.5877,0.5694,0.5753
36Months_to_48Months_Height_S3_No_Base_Data,36Months,48Months,Height,Full_Feature_Space,3,Support_Vector_Classifier,0.7727,0.5877,0.5694,0.5753
36Months_to_48Months_Height_S3_No_Base_Data,36Months,48Months,Height,Full_Feature_Space,3,Neural_Network_MLP,0.7273,0.4,0.4444,0.4211
36Months_to_48Months_Height_S3_No_Base_Data,36Months,48Months,Height,AIC_Optimized_Space,2,XGBoost_Classifier,0.7727,0.5877,0.5694,0.5753
36Months_to_48Months_Height_S3_No_Base_Data,36Months,48Months,Height,AIC_Optimized_Space,2,Support_Vector_Classifier,0.7273,0.4,0.4444,0.4211
36Months_to_48Months_Height_S3_No_Base_Data,36Months,48Months,Height,AIC_Optimized_Space,2,Neural_Network_MLP,0.7727,0.4048,0.4722,0.4359
36Months_to_48Months_Height_S3_No_Base_Data,36Months,48Months,Height,BIC_Optimized_Space,1,XGBoost_Classifier,0.7727,0.5877,0.5694,0.5753
36Months_to_48Months_Height_S3_No_Base_Data,36Months,48Months,Height,BIC_Optimized_Space,1,Support_Vector_Classifier,0.7727,0.5877,0.5694,0.5753
36Months_to_48Months_Height_S3_No_Base_Data,36Months,48Months,Height,BIC_Optimized_Space,1,Neural_Network_MLP,0.7727,0.5877,0.5694,0.5753
36Months_to_48Months_Height_S4_S6_Zscore_Only,36Months,48Months,Height,Full_Feature_Space,3,XGBoost_Classifier,0.7727,0.5877,0.5694,0.5753
36Months_to_48Months_Height_S4_S6_Zscore_Only,36Months,48Months,Height,Full_Feature_Space,3,Support_Vector_Classifier,0.7727,0.5877,0.5694,0.5753
36Months_to_48Months_Height_S4_S6_Zscore_Only,36Months,48Months,Height,Full_Feature_Space,3,Neural_Network_MLP,0.7273,0.4,0.4444,0.4211
36Months_to_48Months_Height_S4_S6_Zscore_Only,36Months,48Months,Height,AIC_Optimized_Space,2,XGBoost_Classifier,0.7727,0.5877,0.5694,0.5753
36Months_to_48Months_Height_S4_S6_Zscore_Only,36Months,48Months,Height,AIC_Optimized_Space,2,Support_Vector_Classifier,0.7273,0.4,0.4444,0.4211
36Months_to_48Months_Height_S4_S6_Zscore_Only,36Months,48Months,Height,AIC_Optimized_Space,2,Neural_Network_MLP,0.7727,0.4048,0.4722,0.4359
36Months_to_48Months_Height_S4_S6_Zscore_Only,36Months,48Months,Height,BIC_Optimized_Space,1,XGBoost_Classifier,0.7727,0.5877,0.5694,0.5753
36Months_to_48Months_Height_S4_S6_Zscore_Only,36Months,48Months,Height,BIC_Optimized_Space,1,Support_Vector_Classifier,0.7727,0.5877,0.5694,0.5753
36Months_to_48Months_Height_S4_S6_Zscore_Only,36Months,48Months,Height,BIC_Optimized_Space,1,Neural_Network_MLP,0.7727,0.5877,0.5694,0.5753
